year,fitted_costs
2005,0.0
2006,671473.2128074258
2007,544411.2799887365
2008,719996.6028845063
2009,1004264.6721890094
2010,853493.3645993462
2011,1055993.4095697985
2012,1339047.4578623592
2013,1480411.896423135
2014,1559203.3310459112
2015,1546930.7358496995
2016,1976200.2851566076
2017,2330170.630415587
2018,3174559.938756603
2019,3808552.4400651148
