year,fitted_costs
2005,0.0
2006,671473.0655362078
2007,544422.7444496253
2008,719996.2010505337
2009,1004260.9687865817
2010,853502.2580790134
2011,1055990.087414562
2012,1339042.7804154197
2013,1480412.7518591473
2014,1559205.7126559606
2015,1546934.5271064052
2016,1976191.1284791646
2017,2330166.5520091206
2018,3174545.1320463866
2019,3808548.6572094574
