year,change
2008,15580.0
2009,1448.5
2014,6241.214285714285
2015,18211.071428571428
